{
  "paraphrase": {},
  "qa": {
    "model": "text-embedding-3-large",
    "qa_dataset": "hotpot_qa",
    "n_pairs": 5,
    "dim": 3072,
    "H": 64,
    "alpha": 56.686366185540614,
    "mu": 0.000390625,
    "js_mode": "probe",
    "answer_repr": "window",
    "delta_op_space": "whiten",
    "JS_mean": 0.1979296447870484,
    "C_low": 0.13968868495436768,
    "C_high": 0.18664813743215622,
    "C_ratio": 1.336172199581726,
    "BTI": 0.9895924196889376,
    "DataFit": 0.9834041718104396,
    "delta_op": 1.400209424791139,
    "delta_op_resid": 0.009900989324342899,
    "delta_op_note": "ok_primary_robust_whiten",
    "jl_constant": 8.0,
    "JS_pred_low": 0.27387174060340974,
    "JS_pred_high": 0.3659398060453339,
    "CCS": 0.9135390927181638,
    "eta_JL": 0.10951087020326943,
    "Nmax_eta_0.15": 565.3329824436017,
    "Nmax_eta_0.1": 4.652547443978924,
    "cos_mean": 0.4041611366000108,
    "delta_mean": 1.0887841504847604,
    "delta_mean_operator_space": 4.242607230453894
  }
}