{
  "paraphrase": {
    "model": "text-embedding-3-small",
    "para_dataset": "mrpc",
    "n_pairs": 1000,
    "dim": 1536,
    "H": 64,
    "alpha": 14.105137303517196,
    "mu": 0.000390625,
    "js_mode": "hyp",
    "AUC_cos": 0.764384,
    "AUC_negJS": 0.718292,
    "JS_mean": 0.04832398121976557,
    "C_low": 0.008007702227249447,
    "C_high": 0.21711334246666789,
    "C_ratio": 27.113063935850647,
    "BTI": 0.37043423306445233,
    "DataFit": 0.38224413307515326,
    "delta_op": 1.848337760006448,
    "delta_op_resid": 0.010246945862395834,
    "delta_op_note": "ok_primary_robust_whiten",
    "jl_constant": 8.0,
    "JS_pred_low": 0.027357133323652392,
    "JS_pred_high": 0.7417357049057777,
    "CCS": 0.42056794713662465,
    "eta_JL": 0.2271137695872394,
    "Nmax_eta_0.2": 216.46197718474824,
    "Nmax_eta_0.15": 7.518862829202312,
    "Nmax_eta_0.1": 0.6820958469290752,
    "cos_mean": 0.799829032096227,
    "delta_mean": 0.6028661768308293,
    "delta_mean_operator_space": 47.30710860918458
  },
  "qa": {
    "model": "text-embedding-3-small",
    "qa_dataset": "hotpot_qa",
    "n_pairs": 1000,
    "dim": 1536,
    "H": 64,
    "alpha": 15.23763464355136,
    "mu": 0.000390625,
    "js_mode": "hyp",
    "answer_repr": "window",
    "delta_op_space": "whiten",
    "JS_mean": 0.2860499416992322,
    "C_low": 0.08340145711018086,
    "C_high": 0.4699966994392491,
    "C_ratio": 5.635353574438645,
    "BTI": 0.7155277982284307,
    "DataFit": 0.6363527652594129,
    "delta_op": 1.4272712938793484,
    "delta_op_resid": 0.009961609081125826,
    "delta_op_note": "subsampled_500;ok_primary_robust_whiten",
    "jl_constant": 8.0,
    "JS_pred_low": 0.16989738736811666,
    "JS_pred_high": 0.9574318491927034,
    "CCS": 0.5826292752715827,
    "eta_JL": 0.2271137695872394,
    "Nmax_eta_0.2": 216.46197718474824,
    "Nmax_eta_0.15": 7.518862829202312,
    "Nmax_eta_0.1": 0.6820958469290752,
    "cos_mean": 0.33117984255826516,
    "delta_mean": 1.1489103841072092,
    "delta_mean_operator_space": 53.07323048510209
  }
}