{
  "paraphrase": {
    "model": "text-embedding-3-large",
    "para_dataset": "mrpc",
    "n_pairs": 1000,
    "dim": 3072,
    "H": 64,
    "alpha": 15.151612063215863,
    "mu": 0.000390625,
    "js_mode": "hyp",
    "AUC_cos": 0.782384,
    "AUC_negJS": 0.722428,
    "JS_mean": 0.04306342702594092,
    "C_low": 0.004853539541238464,
    "C_high": 0.22047597887076917,
    "C_ratio": 45.42581285214191,
    "BTI": 0.2903500017297305,
    "DataFit": 0.4331315782871036,
    "delta_op": 1.7885959252215562,
    "delta_op_resid": 0.010116016136997736,
    "delta_op_note": "ok_primary_robust_whiten",
    "jl_constant": 8.0,
    "JS_pred_low": 0.01552683887028353,
    "JS_pred_high": 0.7053192767068621,
    "CCS": 0.43774993051783895,
    "eta_JL": 0.16059368657597606,
    "Nmax_eta_0.2": 468557.8756673047,
    "Nmax_eta_0.15": 565.3329824436017,
    "Nmax_eta_0.1": 4.652547443978924,
    "cos_mean": 0.8015178120798221,
    "delta_mean": 0.6015788027011992,
    "delta_mean_operator_space": 58.93294433756153
  },
  "qa": {
    "model": "text-embedding-3-large",
    "qa_dataset": "hotpot_qa",
    "n_pairs": 1000,
    "dim": 3072,
    "H": 64,
    "alpha": 16.27416060223481,
    "mu": 0.000390625,
    "js_mode": "hyp",
    "answer_repr": "window",
    "delta_op_space": "whiten",
    "JS_mean": 0.26840350555059356,
    "C_low": 0.07549382221309821,
    "C_high": 0.44343440081905955,
    "C_ratio": 5.873783944431462,
    "BTI": 0.7051688217751705,
    "DataFit": 0.7725326107501739,
    "delta_op": 1.406266518861266,
    "delta_op_resid": 0.009915784031854523,
    "delta_op_note": "subsampled_500;ok_primary_robust_whiten",
    "jl_constant": 8.0,
    "JS_pred_low": 0.1492954898143634,
    "JS_pred_high": 0.8769294510476388,
    "CCS": 0.6412600898711923,
    "eta_JL": 0.16059368657597606,
    "Nmax_eta_0.2": 468557.8756673047,
    "Nmax_eta_0.15": 565.3329824436017,
    "Nmax_eta_0.1": 4.652547443978924,
    "cos_mean": 0.36730244350887953,
    "delta_mean": 1.1165019677989503,
    "delta_mean_operator_space": 60.15071023217195
  }
}