{
  "paraphrase": {
    "model": "../../llm-models/Qwen3-Embedding-8B",
    "para_dataset": "mrpc",
    "n_pairs": 1000,
    "dim": 4096,
    "H": 64,
    "alpha": 16.46427443014216,
    "mu": 0.000390625,
    "js_mode": "hyp",
    "AUC_cos": 0.7894839999999999,
    "AUC_negJS": 0.765388,
    "JS_mean": 0.043387401100808326,
    "C_low": 0.015878137276879315,
    "C_high": 0.27251658363230985,
    "C_ratio": 17.163007151294146,
    "BTI": 0.4561828282744019,
    "DataFit": 0.714819134256947,
    "delta_op": 1.8424955954476308,
    "delta_op_resid": 0.010179231881211556,
    "delta_op_note": "ok_primary_robust_whiten",
    "jl_constant": 8.0,
    "JS_pred_low": 0.05390294195173472,
    "JS_pred_high": 0.9251365781934163,
    "CCS": 0.5436335129077212,
    "eta_JL": 0.13907821226219125,
    "Nmax_eta_0.2": 78406305.31366782,
    "Nmax_eta_0.15": 10070.99618669522,
    "Nmax_eta_0.1": 16.733536962110424,
    "cos_mean": 0.8474767650689317,
    "delta_mean": 0.5184694248824122,
    "delta_mean_operator_space": 57.70254436727114
  },
  "qa": {
    "model": "../../llm-models/Qwen3-Embedding-8B",
    "qa_dataset": "hotpot_qa",
    "n_pairs": 1000,
    "dim": 4096,
    "H": 64,
    "alpha": 9.038405012388157,
    "mu": 0.000390625,
    "js_mode": "hyp",
    "answer_repr": "window",
    "delta_op_space": "whiten",
    "JS_mean": 0.18934052932125423,
    "C_low": 0.0742718462270654,
    "C_high": 0.31801450207450876,
    "C_ratio": 4.281763793810489,
    "BTI": 0.7835421667409044,
    "DataFit": 0.6021601933740629,
    "delta_op": 1.40429914325488,
    "delta_op_resid": 0.009911947234373095,
    "delta_op_note": "subsampled_500;ok_primary_robust_whiten",
    "jl_constant": 8.0,
    "JS_pred_low": 0.14646824620316068,
    "JS_pred_high": 0.6271424335356139,
    "CCS": 0.34209190115387184,
    "eta_JL": 0.13907821226219125,
    "Nmax_eta_0.2": 78406305.31366782,
    "Nmax_eta_0.15": 10070.99618669522,
    "Nmax_eta_0.1": 16.733536962110424,
    "cos_mean": 0.4250834854969229,
    "delta_mean": 1.0665030263483193,
    "delta_mean_operator_space": 59.816268441530234
  }
}