{
  "paraphrase": {
    "model": "../../llm-models/Qwen3-Embedding-4B",
    "para_dataset": "mrpc",
    "n_pairs": 1000,
    "dim": 2560,
    "H": 64,
    "alpha": 18.354306270210355,
    "mu": 0.000390625,
    "js_mode": "hyp",
    "AUC_cos": 0.760812,
    "AUC_negJS": 0.7049880000000001,
    "JS_mean": 0.05675107799351501,
    "C_low": 0.003572320188237174,
    "C_high": 0.35350169497716566,
    "C_ratio": 98.95577001780669,
    "BTI": 0.19904106547834344,
    "DataFit": 0.3546010675709935,
    "delta_op": 1.8695317463321175,
    "delta_op_resid": 0.010204578366493529,
    "delta_op_note": "ok_primary_robust_whiten",
    "jl_constant": 8.0,
    "JS_pred_low": 0.012485791156922936,
    "JS_pred_high": 1.2355410782148304,
    "CCS": 0.555289101231517,
    "eta_JL": 0.17592156946115334,
    "Nmax_eta_0.2": 36221.74496112488,
    "Nmax_eta_0.15": 133.94307643944168,
    "Nmax_eta_0.1": 2.4532530197109366,
    "cos_mean": 0.8204831520742628,
    "delta_mean": 0.5645870338947219,
    "delta_mean_operator_space": 55.08921977320977
  },
  "qa": {
    "model": "../../llm-models/Qwen3-Embedding-4B",
    "qa_dataset": "hotpot_qa",
    "n_pairs": 1000,
    "dim": 2560,
    "H": 64,
    "alpha": 10.06010659337027,
    "mu": 0.000390625,
    "js_mode": "hyp",
    "answer_repr": "window",
    "delta_op_space": "whiten",
    "JS_mean": 0.16699557699819131,
    "C_low": 0.06409597858058273,
    "C_high": 0.38447256231247445,
    "C_ratio": 5.998388211346332,
    "BTI": 0.6999213652460561,
    "DataFit": 0.45303518880581317,
    "delta_op": 1.4093338234800148,
    "delta_op_resid": 0.009926720816782262,
    "delta_op_note": "subsampled_500;ok_primary_robust_whiten",
    "jl_constant": 8.0,
    "JS_pred_low": 0.12730883161588943,
    "JS_pred_high": 0.7636477947650263,
    "CCS": 0.35446989739847073,
    "eta_JL": 0.17592156946115334,
    "Nmax_eta_0.2": 36221.74496112488,
    "Nmax_eta_0.15": 133.94307643944168,
    "Nmax_eta_0.1": 2.4532530197109366,
    "cos_mean": 0.4846031523869712,
    "delta_mean": 1.00743445636137,
    "delta_mean_operator_space": 58.080355359944605
  }
}