{
  "paraphrase": {
    "model": "../../llm-models/granite-embedding-small-english-r2",
    "para_dataset": "mrpc",
    "n_pairs": 1000,
    "dim": 384,
    "H": 64,
    "alpha": 37.136881296225845,
    "mu": 0.000390625,
    "js_mode": "hyp",
    "AUC_cos": 0.7330319999999999,
    "AUC_negJS": 0.706816,
    "JS_mean": 0.050809313921517434,
    "C_low": 0.1006220277031601,
    "C_high": 0.7194456626790897,
    "C_ratio": 7.149981759476062,
    "BTI": 0.6561842859411067,
    "DataFit": 0.30957920271755845,
    "delta_op": 2.7165999031434214,
    "delta_op_resid": 0.419097160723148,
    "delta_op_note": "ok_primary_robust_whiten",
    "jl_constant": 8.0,
    "JS_pred_low": 0.7425820149738503,
    "JS_pred_high": 5.309447861978009,
    "CCS": 0.4765382421415484,
    "eta_JL": 0.4542275391744788,
    "Nmax_eta_0.2": 0.6820958469290752,
    "Nmax_eta_0.15": 0.29446795510655244,
    "Nmax_eta_0.1": 0.16160744021928936,
    "cos_mean": 0.9378171973333349,
    "delta_mean": 0.3335711383996912,
    "delta_mean_operator_space": 16.785743312960484
  },
  "qa": {
    "model": "../../llm-models/granite-embedding-small-english-r2",
    "qa_dataset": "hotpot_qa",
    "n_pairs": 1000,
    "dim": 384,
    "H": 64,
    "alpha": 36.22701637761117,
    "mu": 0.000390625,
    "js_mode": "hyp",
    "answer_repr": "window",
    "delta_op_space": "whiten",
    "JS_mean": 0.24308209736228523,
    "C_low": 0.19624044427392834,
    "C_high": 1.248108307055405,
    "C_ratio": 6.36009723517133,
    "BTI": 0.68529619651907,
    "DataFit": 0.063150700312672,
    "delta_op": 4.2208400025198385,
    "delta_op_resid": 0.33798887771379793,
    "delta_op_note": "subsampled_500;ok_primary_robust_whiten",
    "jl_constant": 8.0,
    "JS_pred_low": 3.49611973670317,
    "JS_pred_high": 22.235661471233747,
    "CCS": 0.4530437183466384,
    "eta_JL": 0.4542275391744788,
    "Nmax_eta_0.2": 0.6820958469290752,
    "Nmax_eta_0.15": 0.29446795510655244,
    "Nmax_eta_0.1": 0.16160744021928936,
    "cos_mean": 0.7508667359070164,
    "delta_mean": 0.7002108237985042,
    "delta_mean_operator_space": 26.005393909659798
  }
}