{
  "paraphrase": {
    "model": "../../llm-models/SFR-Embedding-Mistral",
    "para_dataset": "mrpc",
    "n_pairs": 1000,
    "dim": 4096,
    "H": 64,
    "alpha": 22.633745881560497,
    "mu": 0.000390625,
    "js_mode": "hyp",
    "AUC_cos": 0.7749479999999999,
    "AUC_negJS": 0.7171879999999999,
    "JS_mean": 0.04458229401624234,
    "C_low": 0.017075365779373953,
    "C_high": 0.37798427247635813,
    "C_ratio": 22.13623282570855,
    "BTI": 0.406714079200985,
    "DataFit": 0.6399934879233498,
    "delta_op": 1.778205477329714,
    "delta_op_resid": 0.010053050491878318,
    "delta_op_note": "ok_primary_robust_whiten",
    "jl_constant": 8.0,
    "JS_pred_low": 0.05399255793702671,
    "JS_pred_high": 1.1951918333495812,
    "CCS": 0.48528765161238274,
    "eta_JL": 0.13907821226219125,
    "Nmax_eta_0.2": 78406305.31366782,
    "Nmax_eta_0.15": 10070.99618669522,
    "Nmax_eta_0.1": 16.733536962110424,
    "cos_mean": 0.8854498215748139,
    "delta_mean": 0.4542941511351139,
    "delta_mean_operator_space": 62.738311597073114
  },
  "qa": {
    "model": "../../llm-models/SFR-Embedding-Mistral",
    "qa_dataset": "hotpot_qa",
    "n_pairs": 1000,
    "dim": 4096,
    "H": 64,
    "alpha": 17.41742764869767,
    "mu": 0.000390625,
    "js_mode": "hyp",
    "answer_repr": "window",
    "delta_op_space": "whiten",
    "JS_mean": 0.37082058663368644,
    "C_low": 0.2770047993400415,
    "C_high": 0.8311168132325191,
    "C_ratio": 3.0003697236027627,
    "BTI": 0.8659987221038623,
    "DataFit": 0.6495773738333783,
    "delta_op": 1.400211558422175,
    "delta_op_resid": 0.009900990397378183,
    "delta_op_note": "subsampled_500;ok_primary_robust_whiten",
    "jl_constant": 8.0,
    "JS_pred_low": 0.5430935066595689,
    "JS_pred_high": 1.629481314466626,
    "CCS": 0.529876064337266,
    "eta_JL": 0.13907821226219125,
    "Nmax_eta_0.2": 78406305.31366782,
    "Nmax_eta_0.15": 10070.99618669522,
    "Nmax_eta_0.1": 16.733536962110424,
    "cos_mean": 0.6185801559779097,
    "delta_mean": 0.8672454237710745,
    "delta_mean_operator_space": 61.2419124735488
  }
}