{
  "paraphrase": {
    "model": "../../llm-models/granite-embedding-30m-english",
    "para_dataset": "mrpc",
    "n_pairs": 1000,
    "dim": 384,
    "H": 64,
    "alpha": 21.736384546352962,
    "mu": 0.000390625,
    "js_mode": "hyp",
    "AUC_cos": 0.721224,
    "AUC_negJS": 0.692116,
    "JS_mean": 0.05126131621984991,
    "C_low": 0.0675247175217929,
    "C_high": 0.5539725135949038,
    "C_ratio": 8.203996016956532,
    "BTI": 0.6223952850958372,
    "DataFit": 0.2596636858376782,
    "delta_op": 3.1908785769523984,
    "delta_op_resid": 0.4208585129677928,
    "delta_op_note": "ok_primary_robust_whiten",
    "jl_constant": 8.0,
    "JS_pred_low": 0.6875168278098681,
    "JS_pred_high": 5.640385316942747,
    "CCS": 0.45977409084873494,
    "eta_JL": 0.4542275391744788,
    "Nmax_eta_0.2": 0.6820958469290752,
    "Nmax_eta_0.15": 0.29446795510655244,
    "Nmax_eta_0.1": 0.16160744021928936,
    "cos_mean": 0.9070653425416694,
    "delta_mean": 0.4054329658237951,
    "delta_mean_operator_space": 16.17375261808969
  },
  "qa": {
    "model": "../../llm-models/granite-embedding-30m-english",
    "qa_dataset": "hotpot_qa",
    "n_pairs": 1000,
    "dim": 384,
    "H": 64,
    "alpha": 22.23748124554044,
    "mu": 0.000390625,
    "js_mode": "hyp",
    "answer_repr": "window",
    "delta_op_space": "whiten",
    "JS_mean": 0.28521818749744376,
    "C_low": 0.14370540955700775,
    "C_high": 0.7541339984558246,
    "C_ratio": 5.247777385559454,
    "BTI": 0.7333176713992611,
    "DataFit": 0.12177345100279591,
    "delta_op": 4.399230447285075,
    "delta_op_resid": 0.3438919390841292,
    "delta_op_note": "subsampled_500;ok_primary_robust_whiten",
    "jl_constant": 8.0,
    "JS_pred_low": 2.781163631912598,
    "JS_pred_high": 14.594927613091327,
    "CCS": 0.5007567067168432,
    "eta_JL": 0.4542275391744788,
    "Nmax_eta_0.2": 0.6820958469290752,
    "Nmax_eta_0.15": 0.29446795510655244,
    "Nmax_eta_0.1": 0.16160744021928936,
    "cos_mean": 0.5663886247315993,
    "delta_mean": 0.9232202892971482,
    "delta_mean_operator_space": 25.906998316113352
  }
}