{
  "paraphrase": {
    "model": "../../llm-models/granite-embedding-small-english-r2",
    "para_dataset": "stsb",
    "n_pairs": 1000,
    "dim": 384,
    "H": 64,
    "alpha": 30.5856967463578,
    "mu": 0.000390625,
    "js_mode": "hyp",
    "AUC_cos": 0.85274,
    "AUC_negJS": 0.805392,
    "JS_mean": 0.06386030166075456,
    "C_low": 0.09359165751305404,
    "C_high": 0.8616030055209695,
    "C_ratio": 9.2059808364949,
    "BTI": 0.5945799777106927,
    "DataFit": 0.35086841892177834,
    "delta_op": 2.971108613041715,
    "delta_op_resid": 0.4055953250491733,
    "delta_op_note": "ok_primary_robust_whiten",
    "jl_constant": 8.0,
    "JS_pred_low": 0.8261790829599477,
    "JS_pred_high": 7.605788805242209,
    "CCS": 0.6554644708258383,
    "eta_JL": 0.4542275391744788,
    "Nmax_eta_0.2": 0.6820958469290752,
    "Nmax_eta_0.15": 0.29446795510655244,
    "Nmax_eta_0.1": 0.16160744021928936,
    "cos_mean": 0.9226730402120488,
    "delta_mean": 0.3670198210615084,
    "delta_mean_operator_space": 18.51666091419583
  },
  "qa": {
    "model": "../../llm-models/granite-embedding-small-english-r2",
    "qa_dataset": "trivia_qa",
    "n_pairs": 1000,
    "dim": 384,
    "H": 64,
    "alpha": 36.961582622436886,
    "mu": 0.000390625,
    "js_mode": "hyp",
    "answer_repr": "window",
    "delta_op_space": "whiten",
    "JS_mean": 0.2478038978039486,
    "C_low": 0.21255039617665453,
    "C_high": 1.3744293867382211,
    "C_ratio": 6.466369442077669,
    "BTI": 0.6811625725673616,
    "DataFit": 0.039898408587294876,
    "delta_op": 4.23577030128387,
    "delta_op_resid": 0.33145558237735695,
    "delta_op_note": "subsampled_500;ok_primary_robust_whiten",
    "jl_constant": 8.0,
    "JS_pred_low": 3.813526080217942,
    "JS_pred_high": 24.659668511687535,
    "CCS": 0.27710840397564307,
    "eta_JL": 0.4542275391744788,
    "Nmax_eta_0.2": 0.6820958469290752,
    "Nmax_eta_0.15": 0.29446795510655244,
    "Nmax_eta_0.1": 0.16160744021928936,
    "cos_mean": 0.743498117320135,
    "delta_mean": 0.7138141028289686,
    "delta_mean_operator_space": 26.74090646814921
  }
}