{
  "paraphrase": {
    "model": "../../llm-models/Qwen3-Embedding-8B",
    "para_dataset": "stsb",
    "n_pairs": 1000,
    "dim": 4096,
    "H": 64,
    "alpha": 12.373782515007917,
    "mu": 0.000390625,
    "js_mode": "hyp",
    "AUC_cos": 0.926784,
    "AUC_negJS": 0.880556,
    "JS_mean": 0.05583373062343367,
    "C_low": 0.018525243779319363,
    "C_high": 0.36233616228451504,
    "C_ratio": 19.559049619039758,
    "BTI": 0.43023014330552906,
    "DataFit": 0.7638556330921916,
    "delta_op": 1.9598601780643514,
    "delta_op_resid": 0.04626648114794811,
    "delta_op_note": "ok_primary_robust_whiten",
    "jl_constant": 8.0,
    "JS_pred_low": 0.07115642314186614,
    "JS_pred_high": 1.3917520109451487,
    "CCS": 0.6904936163807142,
    "eta_JL": 0.13907821226219125,
    "Nmax_eta_0.2": 78406305.31366782,
    "Nmax_eta_0.15": 10070.99618669522,
    "Nmax_eta_0.1": 16.733536962110424,
    "cos_mean": 0.8156551542783396,
    "delta_mean": 0.5527121520244744,
    "delta_mean_operator_space": 57.82667417133194
  },
  "qa": {
    "model": "../../llm-models/Qwen3-Embedding-8B",
    "qa_dataset": "trivia_qa",
    "n_pairs": 1000,
    "dim": 4096,
    "H": 64,
    "alpha": 8.688062549572868,
    "mu": 0.000390625,
    "js_mode": "hyp",
    "answer_repr": "window",
    "delta_op_space": "whiten",
    "JS_mean": 0.17176674369200542,
    "C_low": 0.08026877157236548,
    "C_high": 0.2955726521307562,
    "C_ratio": 3.682286975879352,
    "BTI": 0.8196544171353433,
    "DataFit": 0.37025919718028166,
    "delta_op": 1.4044095468618485,
    "delta_op_resid": 0.009914111620204728,
    "delta_op_note": "subsampled_500;ok_primary_robust_whiten",
    "jl_constant": 8.0,
    "JS_pred_low": 0.15831940998355656,
    "JS_pred_high": 0.5829775014113537,
    "CCS": 0.18589428326820787,
    "eta_JL": 0.13907821226219125,
    "Nmax_eta_0.2": 78406305.31366782,
    "Nmax_eta_0.15": 10070.99618669522,
    "Nmax_eta_0.1": 16.733536962110424,
    "cos_mean": 0.49253900538997436,
    "delta_mean": 1.002447518455621,
    "delta_mean_operator_space": 60.998102060838086
  }
}