{
  "paraphrase": {
    "model": "../../llm-models/granite-embedding-30m-english",
    "para_dataset": "stsb",
    "n_pairs": 1000,
    "dim": 384,
    "H": 64,
    "alpha": 17.723753611886544,
    "mu": 0.000390625,
    "js_mode": "hyp",
    "AUC_cos": 0.8531120000000001,
    "AUC_negJS": 0.8194199999999999,
    "JS_mean": 0.060872207468743465,
    "C_low": 0.05825883182935231,
    "C_high": 0.5366923449652893,
    "C_ratio": 9.212205739677906,
    "BTI": 0.5944184135495283,
    "DataFit": 0.3203722909598261,
    "delta_op": 3.5064011737228107,
    "delta_op_resid": 0.40313469722743694,
    "delta_op_note": "ok_primary_robust_whiten",
    "jl_constant": 8.0,
    "JS_pred_low": 0.7162835513906521,
    "JS_pred_high": 6.59855144335784,
    "CCS": 0.6649740679683473,
    "eta_JL": 0.4542275391744788,
    "Nmax_eta_0.2": 0.6820958469290752,
    "Nmax_eta_0.15": 0.29446795510655244,
    "Nmax_eta_0.1": 0.16160744021928936,
    "cos_mean": 0.8798792372797625,
    "delta_mean": 0.4525595384590988,
    "delta_mean_operator_space": 17.73196291061495
  },
  "qa": {
    "model": "../../llm-models/granite-embedding-30m-english",
    "qa_dataset": "trivia_qa",
    "n_pairs": 1000,
    "dim": 384,
    "H": 64,
    "alpha": 22.364772321583345,
    "mu": 0.000390625,
    "js_mode": "hyp",
    "answer_repr": "window",
    "delta_op_space": "whiten",
    "JS_mean": 0.29597325586010836,
    "C_low": 0.1446241030106273,
    "C_high": 0.8345590849698932,
    "C_ratio": 5.770539402471301,
    "BTI": 0.709602163894242,
    "DataFit": 0.07736752876651176,
    "delta_op": 4.552139113313455,
    "delta_op_resid": 0.33701453747068494,
    "delta_op_note": "subsampled_500;ok_primary_robust_whiten",
    "jl_constant": 8.0,
    "JS_pred_low": 2.996896397181505,
    "JS_pred_high": 17.293708745060155,
    "CCS": 0.3178196413492204,
    "eta_JL": 0.4542275391744788,
    "Nmax_eta_0.2": 0.6820958469290752,
    "Nmax_eta_0.15": 0.29446795510655244,
    "Nmax_eta_0.1": 0.16160744021928936,
    "cos_mean": 0.5497692332627891,
    "delta_mean": 0.9454968505892138,
    "delta_mean_operator_space": 26.720968102189442
  }
}