{
  "paraphrase": {
    "model": "text-embedding-3-small",
    "para_dataset": "stsb",
    "n_pairs": 1000,
    "dim": 1536,
    "H": 64,
    "alpha": 13.38554737928036,
    "mu": 0.000390625,
    "js_mode": "hyp",
    "AUC_cos": 0.8895120000000001,
    "AUC_negJS": 0.823592,
    "JS_mean": 0.08423809129127824,
    "C_low": 0.006441093094975435,
    "C_high": 0.3745576464815994,
    "C_ratio": 58.15125491258373,
    "BTI": 0.2578372013530502,
    "DataFit": 0.4450182665800224,
    "delta_op": 1.9608151275143328,
    "delta_op_resid": 0.04645914529365641,
    "delta_op_note": "ok_primary_robust_whiten",
    "jl_constant": 8.0,
    "JS_pred_low": 0.024764688737171615,
    "JS_pred_high": 1.4400977275860578,
    "CCS": 0.7678241953805293,
    "eta_JL": 0.2271137695872394,
    "Nmax_eta_0.2": 216.46197718474824,
    "Nmax_eta_0.15": 7.518862829202312,
    "Nmax_eta_0.1": 0.6820958469290752,
    "cos_mean": 0.7292911457867501,
    "delta_mean": 0.6862970947649185,
    "delta_mean_operator_space": 48.55074877856476
  },
  "qa": {
    "model": "text-embedding-3-small",
    "qa_dataset": "trivia_qa",
    "n_pairs": 1000,
    "dim": 1536,
    "H": 64,
    "alpha": 14.916352257748722,
    "mu": 0.000390625,
    "js_mode": "hyp",
    "answer_repr": "window",
    "delta_op_space": "whiten",
    "JS_mean": 0.25441048468285377,
    "C_low": 0.08646968743830652,
    "C_high": 0.42554899867231727,
    "C_ratio": 4.92136621837489,
    "BTI": 0.7492916896194555,
    "DataFit": 0.5994780114853078,
    "delta_op": 1.433383351336725,
    "delta_op_resid": 0.009970182071152144,
    "delta_op_note": "subsampled_500;ok_primary_robust_whiten",
    "jl_constant": 8.0,
    "JS_pred_low": 0.1776595676380157,
    "JS_pred_high": 0.8743277945448192,
    "CCS": 0.5173894725401778,
    "eta_JL": 0.2271137695872394,
    "Nmax_eta_0.2": 216.46197718474824,
    "Nmax_eta_0.15": 7.518862829202312,
    "Nmax_eta_0.1": 0.6820958469290752,
    "cos_mean": 0.34781585295413686,
    "delta_mean": 1.1366130217377677,
    "delta_mean_operator_space": 53.53557289721494
  }
}