{
  "paraphrase": {
    "model": "../../llm-models/SFR-Embedding-Mistral",
    "para_dataset": "stsb",
    "n_pairs": 1000,
    "dim": 4096,
    "H": 64,
    "alpha": 15.517885184240509,
    "mu": 0.000390625,
    "js_mode": "hyp",
    "AUC_cos": 0.915132,
    "AUC_negJS": 0.8660559999999999,
    "JS_mean": 0.05766318191714019,
    "C_low": 0.025352897440476356,
    "C_high": 0.4392940257883033,
    "C_ratio": 17.327172439350562,
    "BTI": 0.4542536004956023,
    "DataFit": 0.7797199171908129,
    "delta_op": 1.9607843126591074,
    "delta_op_resid": 0.04598856921415855,
    "delta_op_note": "ok_primary_robust_whiten",
    "jl_constant": 8.0,
    "JS_pred_low": 0.09747365402883408,
    "JS_pred_high": 1.6889428116512057,
    "CCS": 0.685701228426849,
    "eta_JL": 0.13907821226219125,
    "Nmax_eta_0.2": 78406305.31366782,
    "Nmax_eta_0.15": 10070.99618669522,
    "Nmax_eta_0.1": 16.733536962110424,
    "cos_mean": 0.8500594865522307,
    "delta_mean": 0.49499105020106304,
    "delta_mean_operator_space": 62.694671483155425
  },
  "qa": {
    "model": "../../llm-models/SFR-Embedding-Mistral",
    "qa_dataset": "trivia_qa",
    "n_pairs": 1000,
    "dim": 4096,
    "H": 64,
    "alpha": 18.258096171175904,
    "mu": 0.000390625,
    "js_mode": "hyp",
    "answer_repr": "window",
    "delta_op_space": "whiten",
    "JS_mean": 0.4090569411963266,
    "C_low": 0.39907326985220376,
    "C_high": 0.9166216798662112,
    "C_ratio": 2.2968756594639395,
    "BTI": 0.9193823672657707,
    "DataFit": 0.5205349990294794,
    "delta_op": 1.4002115498755312,
    "delta_op_resid": 0.009900990365523723,
    "delta_op_note": "subsampled_500;ok_primary_robust_whiten",
    "jl_constant": 8.0,
    "JS_pred_low": 0.7824200136917672,
    "JS_pred_high": 1.7971214849260624,
    "CCS": 0.4040498290010861,
    "eta_JL": 0.13907821226219125,
    "Nmax_eta_0.2": 78406305.31366782,
    "Nmax_eta_0.15": 10070.99618669522,
    "Nmax_eta_0.1": 16.733536962110424,
    "cos_mean": 0.669718140634155,
    "delta_mean": 0.8080832199444081,
    "delta_mean_operator_space": 62.6825480885968
  }
}