{
  "paraphrase": {
    "model": "text-embedding-3-large",
    "para_dataset": "stsb",
    "n_pairs": 1000,
    "dim": 3072,
    "H": 64,
    "alpha": 14.509130648196807,
    "mu": 0.000390625,
    "js_mode": "hyp",
    "AUC_cos": 0.8912999999999999,
    "AUC_negJS": 0.826288,
    "JS_mean": 0.07814425029540917,
    "C_low": 0.0033431493437281147,
    "C_high": 0.33550718847525757,
    "C_ratio": 100.35662603726718,
    "BTI": 0.1976746035073903,
    "DataFit": 0.4660359869438009,
    "delta_op": 1.9603132986457177,
    "delta_op_resid": 0.04626552508974771,
    "delta_op_note": "ok_primary_robust_whiten",
    "jl_constant": 8.0,
    "JS_pred_low": 0.012847148671330574,
    "JS_pred_high": 1.289296494853896,
    "CCS": 0.7544810921001356,
    "eta_JL": 0.16059368657597606,
    "Nmax_eta_0.2": 468557.8756673047,
    "Nmax_eta_0.15": 565.3329824436017,
    "Nmax_eta_0.1": 4.652547443978924,
    "cos_mean": 0.7200046079782045,
    "delta_mean": 0.6997772683088201,
    "delta_mean_operator_space": 59.86552783994259
  },
  "qa": {
    "model": "text-embedding-3-large",
    "qa_dataset": "trivia_qa",
    "n_pairs": 1000,
    "dim": 3072,
    "H": 64,
    "alpha": 15.931636840675399,
    "mu": 0.000390625,
    "js_mode": "hyp",
    "answer_repr": "window",
    "delta_op_space": "whiten",
    "JS_mean": 0.23262946428978118,
    "C_low": 0.08149900929203463,
    "C_high": 0.3992812450404643,
    "C_ratio": 4.8992159353707425,
    "BTI": 0.7504106569871792,
    "DataFit": 0.7101071216119729,
    "delta_op": 1.4064052271928653,
    "delta_op_resid": 0.009915178771153839,
    "delta_op_note": "subsampled_500;ok_primary_robust_whiten",
    "jl_constant": 8.0,
    "JS_pred_low": 0.16120305694440162,
    "JS_pred_high": 0.7897685854124896,
    "CCS": 0.55302988877746,
    "eta_JL": 0.16059368657597606,
    "Nmax_eta_0.2": 468557.8756673047,
    "Nmax_eta_0.15": 565.3329824436017,
    "Nmax_eta_0.1": 4.652547443978924,
    "cos_mean": 0.4234648330740279,
    "delta_mean": 1.0675861692064068,
    "delta_mean_operator_space": 61.47747556790291
  }
}