{
  "paraphrase": {
    "model": "../../llm-models/Qwen3-Embedding-4B",
    "para_dataset": "stsb",
    "n_pairs": 1000,
    "dim": 2560,
    "H": 64,
    "alpha": 11.615264502325816,
    "mu": 0.000390625,
    "js_mode": "hyp",
    "AUC_cos": 0.917032,
    "AUC_negJS": 0.87342,
    "JS_mean": 0.05252682200362042,
    "C_low": 0.018281093685844206,
    "C_high": 0.3239405839110437,
    "C_ratio": 17.719978327220325,
    "BTI": 0.4497345443595945,
    "DataFit": 0.679223125827876,
    "delta_op": 1.9605162452056186,
    "delta_op_resid": 0.04683480278040163,
    "delta_op_note": "ok_primary_robust_whiten",
    "jl_constant": 8.0,
    "JS_pred_low": 0.07026564948133478,
    "JS_pred_high": 1.2451057859573125,
    "CCS": 0.6583614413645663,
    "eta_JL": 0.17592156946115334,
    "Nmax_eta_0.2": 36221.74496112488,
    "Nmax_eta_0.15": 133.94307643944168,
    "Nmax_eta_0.1": 2.4532530197109366,
    "cos_mean": 0.8102939241257354,
    "delta_mean": 0.562661620645526,
    "delta_mean_operator_space": 54.790591085721424
  },
  "qa": {
    "model": "../../llm-models/Qwen3-Embedding-4B",
    "qa_dataset": "trivia_qa",
    "n_pairs": 1000,
    "dim": 2560,
    "H": 64,
    "alpha": 10.14477394757245,
    "mu": 0.000390625,
    "js_mode": "hyp",
    "answer_repr": "window",
    "delta_op_space": "whiten",
    "JS_mean": 0.15581879844843818,
    "C_low": 0.077052922422563,
    "C_high": 0.3604850688114485,
    "C_ratio": 4.678408780325372,
    "BTI": 0.7618200967598675,
    "DataFit": 0.337112022304754,
    "delta_op": 1.4110376821331079,
    "delta_op_resid": 0.009933734104140491,
    "delta_op_note": "subsampled_500;ok_primary_robust_whiten",
    "jl_constant": 8.0,
    "JS_pred_low": 0.15341447520101026,
    "JS_pred_high": 0.7177356278094156,
    "CCS": 0.2585125807156216,
    "eta_JL": 0.17592156946115334,
    "Nmax_eta_0.2": 36221.74496112488,
    "Nmax_eta_0.15": 133.94307643944168,
    "Nmax_eta_0.1": 2.4532530197109366,
    "cos_mean": 0.5572500671790476,
    "delta_mean": 0.9335965470963649,
    "delta_mean_operator_space": 58.76647623871082
  }
}